,MKT,SMB,HML,RMW,CMA,TMB,GMB,LML
MKT,1.0,0.3995678417338146,-0.41637914761921646,0.20822647449629889,-0.20635344847524173,-0.5348596778798468,0.05431661429951344,-0.40002272806753136
SMB,0.3995678417338146,1.0,-0.35738268596353245,-0.04345171047533675,-0.2547632940706445,-0.255584838337441,-0.027234577688777833,-0.4669283084977019
HML,-0.41637914761921646,-0.35738268596353245,1.0,-0.7160143770432571,0.7525151004509746,0.6298903589779044,0.4355726372190649,0.651983498441966
RMW,0.20822647449629889,-0.04345171047533675,-0.7160143770432571,1.0,-0.5418387020311269,-0.5494622392772114,-0.36983047816079656,-0.424964819150877
CMA,-0.20635344847524173,-0.2547632940706445,0.7525151004509746,-0.5418387020311269,1.0,0.46199683553743665,0.37368470531586473,0.5229941067342004
TMB,-0.5348596778798468,-0.255584838337441,0.6298903589779044,-0.5494622392772114,0.46199683553743665,1.0,0.3216341149622487,0.6517079432048093
GMB,0.05431661429951344,-0.027234577688777833,0.4355726372190649,-0.36983047816079656,0.37368470531586473,0.3216341149622487,1.0,0.3123446557753076
LML,-0.40002272806753136,-0.4669283084977019,0.651983498441966,-0.424964819150877,0.5229941067342004,0.6517079432048093,0.3123446557753076,1.0
